[
  {"model": "locations.country", "pk": "AR", "fields": {"name": "Argentina"}},
  {"model": "locations.country", "pk": "BO", "fields": {"name": "Bolivia"}},
  {"model": "locations.country", "pk": "BR", "fields": {"name": "Brasil"}},
  {"model": "locations.country", "pk": "CL", "fields": {"name": "Chile"}},
  {"model": "locations.country", "pk": "CO", "fields": {"name": "Colombia"}},
  {"model": "locations.country", "pk": "CR", "fields": {"name": "Costa Rica"}},
  {"model": "locations.country", "pk": "CU", "fields": {"name": "Cuba"}},
  {"model": "locations.country", "pk": "EC", "fields": {"name": "Ecuador"}},
  {"model": "locations.country", "pk": "SV", "fields": {"name": "El Salvador"}},
  {"model": "locations.country", "pk": "GT", "fields": {"name": "Guatemala"}},
  {"model": "locations.country", "pk": "HN", "fields": {"name": "Honduras"}},
  {"model": "locations.country", "pk": "MX", "fields": {"name": "México"}},
  {"model": "locations.country", "pk": "NI", "fields": {"name": "Nicaragua"}},
  {"model": "locations.country", "pk": "PA", "fields": {"name": "Panamá"}},
  {"model": "locations.country", "pk": "PY", "fields": {"name": "Paraguay"}},
  {"model": "locations.country", "pk": "PE", "fields": {"name": "Perú"}},
  {"model": "locations.country", "pk": "PR", "fields": {"name": "Puerto Rico"}},
  {"model": "locations.country", "pk": "DO", "fields": {"name": "República Dominicana"}},
  {"model": "locations.country", "pk": "UY", "fields": {"name": "Uruguay"}},
  {"model": "locations.country", "pk": "VE", "fields": {"name": "Venezuela"}},
  {"model": "locations.country", "pk": "US", "fields": {"name": "Estados Unidos"}},
  {"model": "locations.country", "pk": "CA", "fields": {"name": "Canadá"}},
  {"model": "locations.country", "pk": "ES", "fields": {"name": "España"}},
  {"model": "locations.country", "pk": "DE", "fields": {"name": "Alemania"}},
  {"model": "locations.country", "pk": "FR", "fields": {"name": "Francia"}},
  {"model": "locations.country", "pk": "IT", "fields": {"name": "Italia"}},
  {"model": "locations.country", "pk": "GB", "fields": {"name": "Reino Unido"}},
  {"model": "locations.country", "pk": "PT", "fields": {"name": "Portugal"}},
  {"model": "locations.country", "pk": "NL", "fields": {"name": "Países Bajos"}},
  {"model": "locations.country", "pk": "AU", "fields": {"name": "Australia"}},

  {"model": "locations.province", "pk": 1, "fields": {"country": "AR", "code": "AR-A", "name": "Salta"}},
  {"model": "locations.province", "pk": 2, "fields": {"country": "AR", "code": "AR-B", "name": "Buenos Aires"}},
  {"model": "locations.province", "pk": 3, "fields": {"country": "AR", "code": "AR-C", "name": "Ciudad Autónoma de Buenos Aires"}},
  {"model": "locations.province", "pk": 4, "fields": {"country": "AR", "code": "AR-D", "name": "San Luis"}},
  {"model": "locations.province", "pk": 5, "fields": {"country": "AR", "code": "AR-E", "name": "Entre Ríos"}},
  {"model": "locations.province", "pk": 6, "fields": {"country": "AR", "code": "AR-F", "name": "La Rioja"}},
  {"model": "locations.province", "pk": 7, "fields": {"country": "AR", "code": "AR-G", "name": "Santiago del Estero"}},
  {"model": "locations.province", "pk": 8, "fields": {"country": "AR", "code": "AR-H", "name": "Chaco"}},
  {"model": "locations.province", "pk": 9, "fields": {"country": "AR", "code": "AR-J", "name": "San Juan"}},
  {"model": "locations.province", "pk": 10, "fields": {"country": "AR", "code": "AR-K", "name": "Catamarca"}},
  {"model": "locations.province", "pk": 11, "fields": {"country": "AR", "code": "AR-L", "name": "La Pampa"}},
  {"model": "locations.province", "pk": 12, "fields": {"country": "AR", "code": "AR-M", "name": "Mendoza"}},
  {"model": "locations.province", "pk": 13, "fields": {"country": "AR", "code": "AR-N", "name": "Misiones"}},
  {"model": "locations.province", "pk": 14, "fields": {"country": "AR", "code": "AR-P", "name": "Formosa"}},
  {"model": "locations.province", "pk": 15, "fields": {"country": "AR", "code": "AR-Q", "name": "Neuquén"}},
  {"model": "locations.province", "pk": 16, "fields": {"country": "AR", "code": "AR-R", "name": "Río Negro"}},
  {"model": "locations.province", "pk": 17, "fields": {"country": "AR", "code": "AR-S", "name": "Santa Fe"}},
  {"model": "locations.province", "pk": 18, "fields": {"country": "AR", "code": "AR-T", "name": "Tucumán"}},
  {"model": "locations.province", "pk": 19, "fields": {"country": "AR", "code": "AR-U", "name": "Chubut"}},
  {"model": "locations.province", "pk": 20, "fields": {"country": "AR", "code": "AR-V", "name": "Tierra del Fuego"}},
  {"model": "locations.province", "pk": 21, "fields": {"country": "AR", "code": "AR-W", "name": "Corrientes"}},
  {"model": "locations.province", "pk": 22, "fields": {"country": "AR", "code": "AR-X", "name": "Córdoba"}},
  {"model": "locations.province", "pk": 23, "fields": {"country": "AR", "code": "AR-Y", "name": "Jujuy"}},
  {"model": "locations.province", "pk": 24, "fields": {"country": "AR", "code": "AR-Z", "name": "Santa Cruz"}},

  {"model": "locations.province", "pk": 25, "fields": {"country": "BO", "code": "BO-B", "name": "Beni"}},
  {"model": "locations.province", "pk": 26, "fields": {"country": "BO", "code": "BO-C", "name": "Cochabamba"}},
  {"model": "locations.province", "pk": 27, "fields": {"country": "BO", "code": "BO-H", "name": "Chuquisaca"}},
  {"model": "locations.province", "pk": 28, "fields": {"country": "BO", "code": "BO-L", "name": "La Paz"}},
  {"model": "locations.province", "pk": 29, "fields": {"country": "BO", "code": "BO-N", "name": "Pando"}},
  {"model": "locations.province", "pk": 30, "fields": {"country": "BO", "code": "BO-O", "name": "Oruro"}},
  {"model": "locations.province", "pk": 31, "fields": {"country": "BO", "code": "BO-P", "name": "Potosí"}},
  {"model": "locations.province", "pk": 32, "fields": {"country": "BO", "code": "BO-S", "name": "Santa Cruz"}},
  {"model": "locations.province", "pk": 33, "fields": {"country": "BO", "code": "BO-T", "name": "Tarija"}},

  {"model": "locations.province", "pk": 34, "fields": {"country": "BR", "code": "BR-AC", "name": "Acre"}},
  {"model": "locations.province", "pk": 35, "fields": {"country": "BR", "code": "BR-AL", "name": "Alagoas"}},
  {"model": "locations.province", "pk": 36, "fields": {"country": "BR", "code": "BR-AM", "name": "Amazonas"}},
  {"model": "locations.province", "pk": 37, "fields": {"country": "BR", "code": "BR-AP", "name": "Amapá"}},
  {"model": "locations.province", "pk": 38, "fields": {"country": "BR", "code": "BR-BA", "name": "Bahía"}},
  {"model": "locations.province", "pk": 39, "fields": {"country": "BR", "code": "BR-CE", "name": "Ceará"}},
  {"model": "locations.province", "pk": 40, "fields": {"country": "BR", "code": "BR-DF", "name": "Distrito Federal"}},
  {"model": "locations.province", "pk": 41, "fields": {"country": "BR", "code": "BR-ES", "name": "Espírito Santo"}},
  {"model": "locations.province", "pk": 42, "fields": {"country": "BR", "code": "BR-GO", "name": "Goiás"}},
  {"model": "locations.province", "pk": 43, "fields": {"country": "BR", "code": "BR-MA", "name": "Maranhão"}},
  {"model": "locations.province", "pk": 44, "fields": {"country": "BR", "code": "BR-MG", "name": "Minas Gerais"}},
  {"model": "locations.province", "pk": 45, "fields": {"country": "BR", "code": "BR-MS", "name": "Mato Grosso do Sul"}},
  {"model": "locations.province", "pk": 46, "fields": {"country": "BR", "code": "BR-MT", "name": "Mato Grosso"}},
  {"model": "locations.province", "pk": 47, "fields": {"country": "BR", "code": "BR-PA", "name": "Pará"}},
  {"model": "locations.province", "pk": 48, "fields": {"country": "BR", "code": "BR-PB", "name": "Paraíba"}},
  {"model": "locations.province", "pk": 49, "fields": {"country": "BR", "code": "BR-PE", "name": "Pernambuco"}},
  {"model": "locations.province", "pk": 50, "fields": {"country": "BR", "code": "BR-PI", "name": "Piauí"}},
  {"model": "locations.province", "pk": 51, "fields": {"country": "BR", "code": "BR-PR", "name": "Paraná"}},
  {"model": "locations.province", "pk": 52, "fields": {"country": "BR", "code": "BR-RJ", "name": "Río de Janeiro"}},
  {"model": "locations.province", "pk": 53, "fields": {"country": "BR", "code": "BR-RN", "name": "Rio Grande do Norte"}},
  {"model": "locations.province", "pk": 54, "fields": {"country": "BR", "code": "BR-RO", "name": "Rondônia"}},
  {"model": "locations.province", "pk": 55, "fields": {"country": "BR", "code": "BR-RR", "name": "Roraima"}},
  {"model": "locations.province", "pk": 56, "fields": {"country": "BR", "code": "BR-RS", "name": "Rio Grande do Sul"}},
  {"model": "locations.province", "pk": 57, "fields": {"country": "BR", "code": "BR-SC", "name": "Santa Catarina"}},
  {"model": "locations.province", "pk": 58, "fields": {"country": "BR", "code": "BR-SE", "name": "Sergipe"}},
  {"model": "locations.province", "pk": 59, "fields": {"country": "BR", "code": "BR-SP", "name": "São Paulo"}},
  {"model": "locations.province", "pk": 60, "fields": {"country": "BR", "code": "BR-TO", "name": "Tocantins"}},

  {"model": "locations.province", "pk": 61, "fields": {"country": "CL", "code": "CL-AI", "name": "Aysén"}},
  {"model": "locations.province", "pk": 62, "fields": {"country": "CL", "code": "CL-AN", "name": "Antofagasta"}},
  {"model": "locations.province", "pk": 63, "fields": {"country": "CL", "code": "CL-AP", "name": "Arica y Parinacota"}},
  {"model": "locations.province", "pk": 64, "fields": {"country": "CL", "code": "CL-AR", "name": "La Araucanía"}},
  {"model": "locations.province", "pk": 65, "fields": {"country": "CL", "code": "CL-AT", "name": "Atacama"}},
  {"model": "locations.province", "pk": 66, "fields": {"country": "CL", "code": "CL-BI", "name": "Biobío"}},
  {"model": "locations.province", "pk": 67, "fields": {"country": "CL", "code": "CL-CO", "name": "Coquimbo"}},
  {"model": "locations.province", "pk": 68, "fields": {"country": "CL", "code": "CL-LI", "name": "O'Higgins"}},
  {"model": "locations.province", "pk": 69, "fields": {"country": "CL", "code": "CL-LL", "name": "Los Lagos"}},
  {"model": "locations.province", "pk": 70, "fields": {"country": "CL", "code": "CL-LR", "name": "Los Ríos"}},
  {"model": "locations.province", "pk": 71, "fields": {"country": "CL", "code": "CL-MA", "name": "Magallanes"}},
  {"model": "locations.province", "pk": 72, "fields": {"country": "CL", "code": "CL-ML", "name": "Maule"}},
  {"model": "locations.province", "pk": 73, "fields": {"country": "CL", "code": "CL-NB", "name": "Ñuble"}},
  {"model": "locations.province", "pk": 74, "fields": {"country": "CL", "code": "CL-RM", "name": "Región Metropolitana"}},
  {"model": "locations.province", "pk": 75, "fields": {"country": "CL", "code": "CL-TA", "name": "Tarapacá"}},
  {"model": "locations.province", "pk": 76, "fields": {"country": "CL", "code": "CL-VS", "name": "Valparaíso"}},

  {"model": "locations.province", "pk": 77, "fields": {"country": "CO", "code": "CO-AMA", "name": "Amazonas"}},
  {"model": "locations.province", "pk": 78, "fields": {"country": "CO", "code": "CO-ANT", "name": "Antioquia"}},
  {"model": "locations.province", "pk": 79, "fields": {"country": "CO", "code": "CO-ARA", "name": "Arauca"}},
  {"model": "locations.province", "pk": 80, "fields": {"country": "CO", "code": "CO-ATL", "name": "Atlántico"}},
  {"model": "locations.province", "pk": 81, "fields": {"country": "CO", "code": "CO-BOL", "name": "Bolívar"}},
  {"model": "locations.province", "pk": 82, "fields": {"country": "CO", "code": "CO-BOY", "name": "Boyacá"}},
  {"model": "locations.province", "pk": 83, "fields": {"country": "CO", "code": "CO-CAL", "name": "Caldas"}},
  {"model": "locations.province", "pk": 84, "fields": {"country": "CO", "code": "CO-CAQ", "name": "Caquetá"}},
  {"model": "locations.province", "pk": 85, "fields": {"country": "CO", "code": "CO-CAS", "name": "Casanare"}},
  {"model": "locations.province", "pk": 86, "fields": {"country": "CO", "code": "CO-CAU", "name": "Cauca"}},
  {"model": "locations.province", "pk": 87, "fields": {"country": "CO", "code": "CO-CES", "name": "Cesar"}},
  {"model": "locations.province", "pk": 88, "fields": {"country": "CO", "code": "CO-COR", "name": "Córdoba"}},
  {"model": "locations.province", "pk": 89, "fields": {"country": "CO", "code": "CO-CUN", "name": "Cundinamarca"}},
  {"model": "locations.province", "pk": 90, "fields": {"country": "CO", "code": "CO-DC", "name": "Bogotá D.C."}},
  {"model": "locations.province", "pk": 91, "fields": {"country": "CO", "code": "CO-GUA", "name": "Guainía"}},
  {"model": "locations.province", "pk": 92, "fields": {"country": "CO", "code": "CO-GUV", "name": "Guaviare"}},
  {"model": "locations.province", "pk": 93, "fields": {"country": "CO", "code": "CO-HUI", "name": "Huila"}},
  {"model": "locations.province", "pk": 94, "fields": {"country": "CO", "code": "CO-LAG", "name": "La Guajira"}},
  {"model": "locations.province", "pk": 95, "fields": {"country": "CO", "code": "CO-MAG", "name": "Magdalena"}},
  {"model": "locations.province", "pk": 96, "fields": {"country": "CO", "code": "CO-MET", "name": "Meta"}},
  {"model": "locations.province", "pk": 97, "fields": {"country": "CO", "code": "CO-NAR", "name": "Nariño"}},
  {"model": "locations.province", "pk": 98, "fields": {"country": "CO", "code": "CO-NSA", "name": "Norte de Santander"}},
  {"model": "locations.province", "pk": 99, "fields": {"country": "CO", "code": "CO-PUT", "name": "Putumayo"}},
  {"model": "locations.province", "pk": 100, "fields": {"country": "CO", "code": "CO-QUI", "name": "Quindío"}},
  {"model": "locations.province", "pk": 101, "fields": {"country": "CO", "code": "CO-RIS", "name": "Risaralda"}},
  {"model": "locations.province", "pk": 102, "fields": {"country": "CO", "code": "CO-SAN", "name": "Santander"}},
  {"model": "locations.province", "pk": 103, "fields": {"country": "CO", "code": "CO-SAP", "name": "San Andrés y Providencia"}},
  {"model": "locations.province", "pk": 104, "fields": {"country": "CO", "code": "CO-SUC", "name": "Sucre"}},
  {"model": "locations.province", "pk": 105, "fields": {"country": "CO", "code": "CO-TOL", "name": "Tolima"}},
  {"model": "locations.province", "pk": 106, "fields": {"country": "CO", "code": "CO-VAC", "name": "Valle del Cauca"}},
  {"model": "locations.province", "pk": 107, "fields": {"country": "CO", "code": "CO-VAU", "name": "Vaupés"}},
  {"model": "locations.province", "pk": 108, "fields": {"country": "CO", "code": "CO-VID", "name": "Vichada"}},

  {"model": "locations.province", "pk": 109, "fields": {"country": "PY", "code": "PY-1", "name": "Concepción"}},
  {"model": "locations.province", "pk": 110, "fields": {"country": "PY", "code": "PY-2", "name": "San Pedro"}},
  {"model": "locations.province", "pk": 111, "fields": {"country": "PY", "code": "PY-3", "name": "Cordillera"}},
  {"model": "locations.province", "pk": 112, "fields": {"country": "PY", "code": "PY-4", "name": "Guairá"}},
  {"model": "locations.province", "pk": 113, "fields": {"country": "PY", "code": "PY-5", "name": "Caaguazú"}},
  {"model": "locations.province", "pk": 114, "fields": {"country": "PY", "code": "PY-6", "name": "Caazapá"}},
  {"model": "locations.province", "pk": 115, "fields": {"country": "PY", "code": "PY-7", "name": "Itapúa"}},
  {"model": "locations.province", "pk": 116, "fields": {"country": "PY", "code": "PY-8", "name": "Misiones"}},
  {"model": "locations.province", "pk": 117, "fields": {"country": "PY", "code": "PY-9", "name": "Paraguarí"}},
  {"model": "locations.province", "pk": 118, "fields": {"country": "PY", "code": "PY-10", "name": "Alto Paraná"}},
  {"model": "locations.province", "pk": 119, "fields": {"country": "PY", "code": "PY-11", "name": "Central"}},
  {"model": "locations.province", "pk": 120, "fields": {"country": "PY", "code": "PY-12", "name": "Ñeembucú"}},
  {"model": "locations.province", "pk": 121, "fields": {"country": "PY", "code": "PY-13", "name": "Amambay"}},
  {"model": "locations.province", "pk": 122, "fields": {"country": "PY", "code": "PY-14", "name": "Canindeyú"}},
  {"model": "locations.province", "pk": 123, "fields": {"country": "PY", "code": "PY-15", "name": "Presidente Hayes"}},
  {"model": "locations.province", "pk": 124, "fields": {"country": "PY", "code": "PY-16", "name": "Alto Paraguay"}},
  {"model": "locations.province", "pk": 125, "fields": {"country": "PY", "code": "PY-17", "name": "Boquerón"}},
  {"model": "locations.province", "pk": 126, "fields": {"country": "PY", "code": "PY-ASU", "name": "Asunción"}},

  {"model": "locations.province", "pk": 127, "fields": {"country": "UY", "code": "UY-AR", "name": "Artigas"}},
  {"model": "locations.province", "pk": 128, "fields": {"country": "UY", "code": "UY-CA", "name": "Canelones"}},
  {"model": "locations.province", "pk": 129, "fields": {"country": "UY", "code": "UY-CL", "name": "Cerro Largo"}},
  {"model": "locations.province", "pk": 130, "fields": {"country": "UY", "code": "UY-CO", "name": "Colonia"}},
  {"model": "locations.province", "pk": 131, "fields": {"country": "UY", "code": "UY-DU", "name": "Durazno"}},
  {"model": "locations.province", "pk": 132, "fields": {"country": "UY", "code": "UY-FD", "name": "Florida"}},
  {"model": "locations.province", "pk": 133, "fields": {"country": "UY", "code": "UY-FS", "name": "Flores"}},
  {"model": "locations.province", "pk": 134, "fields": {"country": "UY", "code": "UY-LA", "name": "Lavalleja"}},
  {"model": "locations.province", "pk": 135, "fields": {"country": "UY", "code": "UY-MA", "name": "Maldonado"}},
  {"model": "locations.province", "pk": 136, "fields": {"country": "UY", "code": "UY-MO", "name": "Montevideo"}},
  {"model": "locations.province", "pk": 137, "fields": {"country": "UY", "code": "UY-PA", "name": "Paysandú"}},
  {"model": "locations.province", "pk": 138, "fields": {"country": "UY", "code": "UY-RN", "name": "Río Negro"}},
  {"model": "locations.province", "pk": 139, "fields": {"country": "UY", "code": "UY-RO", "name": "Rocha"}},
  {"model": "locations.province", "pk": 140, "fields": {"country": "UY", "code": "UY-RV", "name": "Rivera"}},
  {"model": "locations.province", "pk": 141, "fields": {"country": "UY", "code": "UY-SA", "name": "Salto"}},
  {"model": "locations.province", "pk": 142, "fields": {"country": "UY", "code": "UY-SJ", "name": "San José"}},
  {"model": "locations.province", "pk": 143, "fields": {"country": "UY", "code": "UY-SO", "name": "Soriano"}},
  {"model": "locations.province", "pk": 144, "fields": {"country": "UY", "code": "UY-TA", "name": "Tacuarembó"}},
  {"model": "locations.province", "pk": 145, "fields": {"country": "UY", "code": "UY-TT", "name": "Treinta y Tres"}},

  {"model": "locations.province", "pk": 146, "fields": {"country": "PE", "code": "PE-AMA", "name": "Amazonas"}},
  {"model": "locations.province", "pk": 147, "fields": {"country": "PE", "code": "PE-ANC", "name": "Áncash"}},
  {"model": "locations.province", "pk": 148, "fields": {"country": "PE", "code": "PE-APU", "name": "Apurímac"}},
  {"model": "locations.province", "pk": 149, "fields": {"country": "PE", "code": "PE-ARE", "name": "Arequipa"}},
  {"model": "locations.province", "pk": 150, "fields": {"country": "PE", "code": "PE-AYA", "name": "Ayacucho"}},
  {"model": "locations.province", "pk": 151, "fields": {"country": "PE", "code": "PE-CAJ", "name": "Cajamarca"}},
  {"model": "locations.province", "pk": 152, "fields": {"country": "PE", "code": "PE-CAL", "name": "Callao"}},
  {"model": "locations.province", "pk": 153, "fields": {"country": "PE", "code": "PE-CUS", "name": "Cusco"}},
  {"model": "locations.province", "pk": 154, "fields": {"country": "PE", "code": "PE-HUC", "name": "Huánuco"}},
  {"model": "locations.province", "pk": 155, "fields": {"country": "PE", "code": "PE-HUV", "name": "Huancavelica"}},
  {"model": "locations.province", "pk": 156, "fields": {"country": "PE", "code": "PE-ICA", "name": "Ica"}},
  {"model": "locations.province", "pk": 157, "fields": {"country": "PE", "code": "PE-JUN", "name": "Junín"}},
  {"model": "locations.province", "pk": 158, "fields": {"country": "PE", "code": "PE-LAL", "name": "La Libertad"}},
  {"model": "locations.province", "pk": 159, "fields": {"country": "PE", "code": "PE-LAM", "name": "Lambayeque"}},
  {"model": "locations.province", "pk": 160, "fields": {"country": "PE", "code": "PE-LIM", "name": "Lima"}},
  {"model": "locations.province", "pk": 161, "fields": {"country": "PE", "code": "PE-LOR", "name": "Loreto"}},
  {"model": "locations.province", "pk": 162, "fields": {"country": "PE", "code": "PE-MDD", "name": "Madre de Dios"}},
  {"model": "locations.province", "pk": 163, "fields": {"country": "PE", "code": "PE-MOQ", "name": "Moquegua"}},
  {"model": "locations.province", "pk": 164, "fields": {"country": "PE", "code": "PE-PAS", "name": "Pasco"}},
  {"model": "locations.province", "pk": 165, "fields": {"country": "PE", "code": "PE-PIU", "name": "Piura"}},
  {"model": "locations.province", "pk": 166, "fields": {"country": "PE", "code": "PE-PUN", "name": "Puno"}},
  {"model": "locations.province", "pk": 167, "fields": {"country": "PE", "code": "PE-SAM", "name": "San Martín"}},
  {"model": "locations.province", "pk": 168, "fields": {"country": "PE", "code": "PE-TAC", "name": "Tacna"}},
  {"model": "locations.province", "pk": 169, "fields": {"country": "PE", "code": "PE-TUM", "name": "Tumbes"}},
  {"model": "locations.province", "pk": 170, "fields": {"country": "PE", "code": "PE-UCA", "name": "Ucayali"}},

  {"model": "locations.province", "pk": 171, "fields": {"country": "VE", "code": "VE-A", "name": "Distrito Capital"}},
  {"model": "locations.province", "pk": 172, "fields": {"country": "VE", "code": "VE-B", "name": "Anzoátegui"}},
  {"model": "locations.province", "pk": 173, "fields": {"country": "VE", "code": "VE-C", "name": "Apure"}},
  {"model": "locations.province", "pk": 174, "fields": {"country": "VE", "code": "VE-D", "name": "Aragua"}},
  {"model": "locations.province", "pk": 175, "fields": {"country": "VE", "code": "VE-E", "name": "Barinas"}},
  {"model": "locations.province", "pk": 176, "fields": {"country": "VE", "code": "VE-F", "name": "Bolívar"}},
  {"model": "locations.province", "pk": 177, "fields": {"country": "VE", "code": "VE-G", "name": "Carabobo"}},
  {"model": "locations.province", "pk": 178, "fields": {"country": "VE", "code": "VE-H", "name": "Cojedes"}},
  {"model": "locations.province", "pk": 179, "fields": {"country": "VE", "code": "VE-I", "name": "Falcón"}},
  {"model": "locations.province", "pk": 180, "fields": {"country": "VE", "code": "VE-J", "name": "Guárico"}},
  {"model": "locations.province", "pk": 181, "fields": {"country": "VE", "code": "VE-K", "name": "Lara"}},
  {"model": "locations.province", "pk": 182, "fields": {"country": "VE", "code": "VE-L", "name": "Mérida"}},
  {"model": "locations.province", "pk": 183, "fields": {"country": "VE", "code": "VE-M", "name": "Miranda"}},
  {"model": "locations.province", "pk": 184, "fields": {"country": "VE", "code": "VE-N", "name": "Monagas"}},
  {"model": "locations.province", "pk": 185, "fields": {"country": "VE", "code": "VE-O", "name": "Nueva Esparta"}},
  {"model": "locations.province", "pk": 186, "fields": {"country": "VE", "code": "VE-P", "name": "Portuguesa"}},
  {"model": "locations.province", "pk": 187, "fields": {"country": "VE", "code": "VE-R", "name": "Sucre"}},
  {"model": "locations.province", "pk": 188, "fields": {"country": "VE", "code": "VE-S", "name": "Táchira"}},
  {"model": "locations.province", "pk": 189, "fields": {"country": "VE", "code": "VE-T", "name": "Trujillo"}},
  {"model": "locations.province", "pk": 190, "fields": {"country": "VE", "code": "VE-U", "name": "Yaracuy"}},
  {"model": "locations.province", "pk": 191, "fields": {"country": "VE", "code": "VE-V", "name": "Zulia"}},
  {"model": "locations.province", "pk": 192, "fields": {"country": "VE", "code": "VE-W", "name": "Dependencias Federales"}},
  {"model": "locations.province", "pk": 193, "fields": {"country": "VE", "code": "VE-X", "name": "Vargas"}},
  {"model": "locations.province", "pk": 194, "fields": {"country": "VE", "code": "VE-Y", "name": "Delta Amacuro"}},
  {"model": "locations.province", "pk": 195, "fields": {"country": "VE", "code": "VE-Z", "name": "Amazonas"}},

  {"model": "locations.province", "pk": 196, "fields": {"country": "EC", "code": "EC-A", "name": "Azuay"}},
  {"model": "locations.province", "pk": 197, "fields": {"country": "EC", "code": "EC-B", "name": "Bolívar"}},
  {"model": "locations.province", "pk": 198, "fields": {"country": "EC", "code": "EC-C", "name": "Carchi"}},
  {"model": "locations.province", "pk": 199, "fields": {"country": "EC", "code": "EC-D", "name": "Orellana"}},
  {"model": "locations.province", "pk": 200, "fields": {"country": "EC", "code": "EC-E", "name": "Esmeraldas"}},
  {"model": "locations.province", "pk": 201, "fields": {"country": "EC", "code": "EC-F", "name": "Cañar"}},
  {"model": "locations.province", "pk": 202, "fields": {"country": "EC", "code": "EC-G", "name": "Guayas"}},
  {"model": "locations.province", "pk": 203, "fields": {"country": "EC", "code": "EC-H", "name": "Chimborazo"}},
  {"model": "locations.province", "pk": 204, "fields": {"country": "EC", "code": "EC-I", "name": "Imbabura"}},
  {"model": "locations.province", "pk": 205, "fields": {"country": "EC", "code": "EC-L", "name": "Loja"}},
  {"model": "locations.province", "pk": 206, "fields": {"country": "EC", "code": "EC-M", "name": "Manabí"}},
  {"model": "locations.province", "pk": 207, "fields": {"country": "EC", "code": "EC-N", "name": "Napo"}},
  {"model": "locations.province", "pk": 208, "fields": {"country": "EC", "code": "EC-O", "name": "El Oro"}},
  {"model": "locations.province", "pk": 209, "fields": {"country": "EC", "code": "EC-P", "name": "Pichincha"}},
  {"model": "locations.province", "pk": 210, "fields": {"country": "EC", "code": "EC-R", "name": "Los Ríos"}},
  {"model": "locations.province", "pk": 211, "fields": {"country": "EC", "code": "EC-S", "name": "Morona Santiago"}},
  {"model": "locations.province", "pk": 212, "fields": {"country": "EC", "code": "EC-SD", "name": "Santo Domingo de los Tsáchilas"}},
  {"model": "locations.province", "pk": 213, "fields": {"country": "EC", "code": "EC-SE", "name": "Santa Elena"}},
  {"model": "locations.province", "pk": 214, "fields": {"country": "EC", "code": "EC-T", "name": "Tungurahua"}},
  {"model": "locations.province", "pk": 215, "fields": {"country": "EC", "code": "EC-U", "name": "Sucumbíos"}},
  {"model": "locations.province", "pk": 216, "fields": {"country": "EC", "code": "EC-W", "name": "Galápagos"}},
  {"model": "locations.province", "pk": 217, "fields": {"country": "EC", "code": "EC-X", "name": "Cotopaxi"}},
  {"model": "locations.province", "pk": 218, "fields": {"country": "EC", "code": "EC-Y", "name": "Pastaza"}},
  {"model": "locations.province", "pk": 219, "fields": {"country": "EC", "code": "EC-Z", "name": "Zamora Chinchipe"}},

  {"model": "locations.province", "pk": 220, "fields": {"country": "MX", "code": "MX-AGU", "name": "Aguascalientes"}},
  {"model": "locations.province", "pk": 221, "fields": {"country": "MX", "code": "MX-BCN", "name": "Baja California"}},
  {"model": "locations.province", "pk": 222, "fields": {"country": "MX", "code": "MX-BCS", "name": "Baja California Sur"}},
  {"model": "locations.province", "pk": 223, "fields": {"country": "MX", "code": "MX-CAM", "name": "Campeche"}},
  {"model": "locations.province", "pk": 224, "fields": {"country": "MX", "code": "MX-CHH", "name": "Chihuahua"}},
  {"model": "locations.province", "pk": 225, "fields": {"country": "MX", "code": "MX-CHP", "name": "Chiapas"}},
  {"model": "locations.province", "pk": 226, "fields": {"country": "MX", "code": "MX-CMX", "name": "Ciudad de México"}},
  {"model": "locations.province", "pk": 227, "fields": {"country": "MX", "code": "MX-COA", "name": "Coahuila"}},
  {"model": "locations.province", "pk": 228, "fields": {"country": "MX", "code": "MX-COL", "name": "Colima"}},
  {"model": "locations.province", "pk": 229, "fields": {"country": "MX", "code": "MX-DUR", "name": "Durango"}},
  {"model": "locations.province", "pk": 230, "fields": {"country": "MX", "code": "MX-GRO", "name": "Guerrero"}},
  {"model": "locations.province", "pk": 231, "fields": {"country": "MX", "code": "MX-GUA", "name": "Guanajuato"}},
  {"model": "locations.province", "pk": 232, "fields": {"country": "MX", "code": "MX-HID", "name": "Hidalgo"}},
  {"model": "locations.province", "pk": 233, "fields": {"country": "MX", "code": "MX-JAL", "name": "Jalisco"}},
  {"model": "locations.province", "pk": 234, "fields": {"country": "MX", "code": "MX-MEX", "name": "Estado de México"}},
  {"model": "locations.province", "pk": 235, "fields": {"country": "MX", "code": "MX-MIC", "name": "Michoacán"}},
  {"model": "locations.province", "pk": 236, "fields": {"country": "MX", "code": "MX-MOR", "name": "Morelos"}},
  {"model": "locations.province", "pk": 237, "fields": {"country": "MX", "code": "MX-NAY", "name": "Nayarit"}},
  {"model": "locations.province", "pk": 238, "fields": {"country": "MX", "code": "MX-NLE", "name": "Nuevo León"}},
  {"model": "locations.province", "pk": 239, "fields": {"country": "MX", "code": "MX-OAX", "name": "Oaxaca"}},
  {"model": "locations.province", "pk": 240, "fields": {"country": "MX", "code": "MX-PUE", "name": "Puebla"}},
  {"model": "locations.province", "pk": 241, "fields": {"country": "MX", "code": "MX-QUE", "name": "Querétaro"}},
  {"model": "locations.province", "pk": 242, "fields": {"country": "MX", "code": "MX-ROO", "name": "Quintana Roo"}},
  {"model": "locations.province", "pk": 243, "fields": {"country": "MX", "code": "MX-SIN", "name": "Sinaloa"}},
  {"model": "locations.province", "pk": 244, "fields": {"country": "MX", "code": "MX-SLP", "name": "San Luis Potosí"}},
  {"model": "locations.province", "pk": 245, "fields": {"country": "MX", "code": "MX-SON", "name": "Sonora"}},
  {"model": "locations.province", "pk": 246, "fields": {"country": "MX", "code": "MX-TAB", "name": "Tabasco"}},
  {"model": "locations.province", "pk": 247, "fields": {"country": "MX", "code": "MX-TAM", "name": "Tamaulipas"}},
  {"model": "locations.province", "pk": 248, "fields": {"country": "MX", "code": "MX-TLA", "name": "Tlaxcala"}},
  {"model": "locations.province", "pk": 249, "fields": {"country": "MX", "code": "MX-VER", "name": "Veracruz"}},
  {"model": "locations.province", "pk": 250, "fields": {"country": "MX", "code": "MX-YUC", "name": "Yucatán"}},
  {"model": "locations.province", "pk": 251, "fields": {"country": "MX", "code": "MX-ZAC", "name": "Zacatecas"}},

  {"model": "locations.province", "pk": 252, "fields": {"country": "ES", "code": "ES-AN", "name": "Andalucía"}},
  {"model": "locations.province", "pk": 253, "fields": {"country": "ES", "code": "ES-AR", "name": "Aragón"}},
  {"model": "locations.province", "pk": 254, "fields": {"country": "ES", "code": "ES-AS", "name": "Asturias"}},
  {"model": "locations.province", "pk": 255, "fields": {"country": "ES", "code": "ES-CB", "name": "Cantabria"}},
  {"model": "locations.province", "pk": 256, "fields": {"country": "ES", "code": "ES-CE", "name": "Ceuta"}},
  {"model": "locations.province", "pk": 257, "fields": {"country": "ES", "code": "ES-CL", "name": "Castilla y León"}},
  {"model": "locations.province", "pk": 258, "fields": {"country": "ES", "code": "ES-CM", "name": "Castilla-La Mancha"}},
  {"model": "locations.province", "pk": 259, "fields": {"country": "ES", "code": "ES-CN", "name": "Canarias"}},
  {"model": "locations.province", "pk": 260, "fields": {"country": "ES", "code": "ES-CT", "name": "Cataluña"}},
  {"model": "locations.province", "pk": 261, "fields": {"country": "ES", "code": "ES-EX", "name": "Extremadura"}},
  {"model": "locations.province", "pk": 262, "fields": {"country": "ES", "code": "ES-GA", "name": "Galicia"}},
  {"model": "locations.province", "pk": 263, "fields": {"country": "ES", "code": "ES-IB", "name": "Islas Baleares"}},
  {"model": "locations.province", "pk": 264, "fields": {"country": "ES", "code": "ES-MC", "name": "Murcia"}},
  {"model": "locations.province", "pk": 265, "fields": {"country": "ES", "code": "ES-MD", "name": "Madrid"}},
  {"model": "locations.province", "pk": 266, "fields": {"country": "ES", "code": "ES-ML", "name": "Melilla"}},
  {"model": "locations.province", "pk": 267, "fields": {"country": "ES", "code": "ES-NC", "name": "Navarra"}},
  {"model": "locations.province", "pk": 268, "fields": {"country": "ES", "code": "ES-PV", "name": "País Vasco"}},
  {"model": "locations.province", "pk": 269, "fields": {"country": "ES", "code": "ES-RI", "name": "La Rioja"}},
  {"model": "locations.province", "pk": 270, "fields": {"country": "ES", "code": "ES-VC", "name": "Comunidad Valenciana"}},

  {"model": "locations.province", "pk": 271, "fields": {"country": "US", "code": "US-AL", "name": "Alabama"}},
  {"model": "locations.province", "pk": 272, "fields": {"country": "US", "code": "US-AK", "name": "Alaska"}},
  {"model": "locations.province", "pk": 273, "fields": {"country": "US", "code": "US-AZ", "name": "Arizona"}},
  {"model": "locations.province", "pk": 274, "fields": {"country": "US", "code": "US-AR", "name": "Arkansas"}},
  {"model": "locations.province", "pk": 275, "fields": {"country": "US", "code": "US-CA", "name": "California"}},
  {"model": "locations.province", "pk": 276, "fields": {"country": "US", "code": "US-CO", "name": "Colorado"}},
  {"model": "locations.province", "pk": 277, "fields": {"country": "US", "code": "US-CT", "name": "Connecticut"}},
  {"model": "locations.province", "pk": 278, "fields": {"country": "US", "code": "US-DE", "name": "Delaware"}},
  {"model": "locations.province", "pk": 279, "fields": {"country": "US", "code": "US-FL", "name": "Florida"}},
  {"model": "locations.province", "pk": 280, "fields": {"country": "US", "code": "US-GA", "name": "Georgia"}},
  {"model": "locations.province", "pk": 281, "fields": {"country": "US", "code": "US-HI", "name": "Hawaii"}},
  {"model": "locations.province", "pk": 282, "fields": {"country": "US", "code": "US-ID", "name": "Idaho"}},
  {"model": "locations.province", "pk": 283, "fields": {"country": "US", "code": "US-IL", "name": "Illinois"}},
  {"model": "locations.province", "pk": 284, "fields": {"country": "US", "code": "US-IN", "name": "Indiana"}},
  {"model": "locations.province", "pk": 285, "fields": {"country": "US", "code": "US-IA", "name": "Iowa"}},
  {"model": "locations.province", "pk": 286, "fields": {"country": "US", "code": "US-KS", "name": "Kansas"}},
  {"model": "locations.province", "pk": 287, "fields": {"country": "US", "code": "US-KY", "name": "Kentucky"}},
  {"model": "locations.province", "pk": 288, "fields": {"country": "US", "code": "US-LA", "name": "Louisiana"}},
  {"model": "locations.province", "pk": 289, "fields": {"country": "US", "code": "US-ME", "name": "Maine"}},
  {"model": "locations.province", "pk": 290, "fields": {"country": "US", "code": "US-MD", "name": "Maryland"}},
  {"model": "locations.province", "pk": 291, "fields": {"country": "US", "code": "US-MA", "name": "Massachusetts"}},
  {"model": "locations.province", "pk": 292, "fields": {"country": "US", "code": "US-MI", "name": "Michigan"}},
  {"model": "locations.province", "pk": 293, "fields": {"country": "US", "code": "US-MN", "name": "Minnesota"}},
  {"model": "locations.province", "pk": 294, "fields": {"country": "US", "code": "US-MS", "name": "Mississippi"}},
  {"model": "locations.province", "pk": 295, "fields": {"country": "US", "code": "US-MO", "name": "Missouri"}},
  {"model": "locations.province", "pk": 296, "fields": {"country": "US", "code": "US-MT", "name": "Montana"}},
  {"model": "locations.province", "pk": 297, "fields": {"country": "US", "code": "US-NE", "name": "Nebraska"}},
  {"model": "locations.province", "pk": 298, "fields": {"country": "US", "code": "US-NV", "name": "Nevada"}},
  {"model": "locations.province", "pk": 299, "fields": {"country": "US", "code": "US-NH", "name": "New Hampshire"}},
  {"model": "locations.province", "pk": 300, "fields": {"country": "US", "code": "US-NJ", "name": "New Jersey"}},
  {"model": "locations.province", "pk": 301, "fields": {"country": "US", "code": "US-NM", "name": "New Mexico"}},
  {"model": "locations.province", "pk": 302, "fields": {"country": "US", "code": "US-NY", "name": "New York"}},
  {"model": "locations.province", "pk": 303, "fields": {"country": "US", "code": "US-NC", "name": "North Carolina"}},
  {"model": "locations.province", "pk": 304, "fields": {"country": "US", "code": "US-ND", "name": "North Dakota"}},
  {"model": "locations.province", "pk": 305, "fields": {"country": "US", "code": "US-OH", "name": "Ohio"}},
  {"model": "locations.province", "pk": 306, "fields": {"country": "US", "code": "US-OK", "name": "Oklahoma"}},
  {"model": "locations.province", "pk": 307, "fields": {"country": "US", "code": "US-OR", "name": "Oregon"}},
  {"model": "locations.province", "pk": 308, "fields": {"country": "US", "code": "US-PA", "name": "Pennsylvania"}},
  {"model": "locations.province", "pk": 309, "fields": {"country": "US", "code": "US-RI", "name": "Rhode Island"}},
  {"model": "locations.province", "pk": 310, "fields": {"country": "US", "code": "US-SC", "name": "South Carolina"}},
  {"model": "locations.province", "pk": 311, "fields": {"country": "US", "code": "US-SD", "name": "South Dakota"}},
  {"model": "locations.province", "pk": 312, "fields": {"country": "US", "code": "US-TN", "name": "Tennessee"}},
  {"model": "locations.province", "pk": 313, "fields": {"country": "US", "code": "US-TX", "name": "Texas"}},
  {"model": "locations.province", "pk": 314, "fields": {"country": "US", "code": "US-UT", "name": "Utah"}},
  {"model": "locations.province", "pk": 315, "fields": {"country": "US", "code": "US-VT", "name": "Vermont"}},
  {"model": "locations.province", "pk": 316, "fields": {"country": "US", "code": "US-VA", "name": "Virginia"}},
  {"model": "locations.province", "pk": 317, "fields": {"country": "US", "code": "US-WA", "name": "Washington"}},
  {"model": "locations.province", "pk": 318, "fields": {"country": "US", "code": "US-WV", "name": "West Virginia"}},
  {"model": "locations.province", "pk": 319, "fields": {"country": "US", "code": "US-WI", "name": "Wisconsin"}},
  {"model": "locations.province", "pk": 320, "fields": {"country": "US", "code": "US-WY", "name": "Wyoming"}},
  {"model": "locations.province", "pk": 321, "fields": {"country": "US", "code": "US-DC", "name": "Washington D.C."}},

  {"model": "locations.province", "pk": 322, "fields": {"country": "CA", "code": "CA-AB", "name": "Alberta"}},
  {"model": "locations.province", "pk": 323, "fields": {"country": "CA", "code": "CA-BC", "name": "British Columbia"}},
  {"model": "locations.province", "pk": 324, "fields": {"country": "CA", "code": "CA-MB", "name": "Manitoba"}},
  {"model": "locations.province", "pk": 325, "fields": {"country": "CA", "code": "CA-NB", "name": "New Brunswick"}},
  {"model": "locations.province", "pk": 326, "fields": {"country": "CA", "code": "CA-NL", "name": "Newfoundland and Labrador"}},
  {"model": "locations.province", "pk": 327, "fields": {"country": "CA", "code": "CA-NS", "name": "Nova Scotia"}},
  {"model": "locations.province", "pk": 328, "fields": {"country": "CA", "code": "CA-NT", "name": "Northwest Territories"}},
  {"model": "locations.province", "pk": 329, "fields": {"country": "CA", "code": "CA-NU", "name": "Nunavut"}},
  {"model": "locations.province", "pk": 330, "fields": {"country": "CA", "code": "CA-ON", "name": "Ontario"}},
  {"model": "locations.province", "pk": 331, "fields": {"country": "CA", "code": "CA-PE", "name": "Prince Edward Island"}},
  {"model": "locations.province", "pk": 332, "fields": {"country": "CA", "code": "CA-QC", "name": "Quebec"}},
  {"model": "locations.province", "pk": 333, "fields": {"country": "CA", "code": "CA-SK", "name": "Saskatchewan"}},
  {"model": "locations.province", "pk": 334, "fields": {"country": "CA", "code": "CA-YT", "name": "Yukon"}},

  {"model": "locations.province", "pk": 335, "fields": {"country": "CR", "code": "CR-A", "name": "Alajuela"}},
  {"model": "locations.province", "pk": 336, "fields": {"country": "CR", "code": "CR-C", "name": "Cartago"}},
  {"model": "locations.province", "pk": 337, "fields": {"country": "CR", "code": "CR-G", "name": "Guanacaste"}},
  {"model": "locations.province", "pk": 338, "fields": {"country": "CR", "code": "CR-H", "name": "Heredia"}},
  {"model": "locations.province", "pk": 339, "fields": {"country": "CR", "code": "CR-L", "name": "Limón"}},
  {"model": "locations.province", "pk": 340, "fields": {"country": "CR", "code": "CR-P", "name": "Puntarenas"}},
  {"model": "locations.province", "pk": 341, "fields": {"country": "CR", "code": "CR-SJ", "name": "San José"}},

  {"model": "locations.province", "pk": 342, "fields": {"country": "PA", "code": "PA-1", "name": "Bocas del Toro"}},
  {"model": "locations.province", "pk": 343, "fields": {"country": "PA", "code": "PA-2", "name": "Coclé"}},
  {"model": "locations.province", "pk": 344, "fields": {"country": "PA", "code": "PA-3", "name": "Colón"}},
  {"model": "locations.province", "pk": 345, "fields": {"country": "PA", "code": "PA-4", "name": "Chiriquí"}},
  {"model": "locations.province", "pk": 346, "fields": {"country": "PA", "code": "PA-5", "name": "Darién"}},
  {"model": "locations.province", "pk": 347, "fields": {"country": "PA", "code": "PA-6", "name": "Herrera"}},
  {"model": "locations.province", "pk": 348, "fields": {"country": "PA", "code": "PA-7", "name": "Los Santos"}},
  {"model": "locations.province", "pk": 349, "fields": {"country": "PA", "code": "PA-8", "name": "Panamá"}},
  {"model": "locations.province", "pk": 350, "fields": {"country": "PA", "code": "PA-9", "name": "Veraguas"}},
  {"model": "locations.province", "pk": 351, "fields": {"country": "PA", "code": "PA-10", "name": "Panamá Oeste"}},

  {"model": "locations.province", "pk": 352, "fields": {"country": "DO", "code": "DO-01", "name": "Distrito Nacional"}},
  {"model": "locations.province", "pk": 353, "fields": {"country": "DO", "code": "DO-02", "name": "Azua"}},
  {"model": "locations.province", "pk": 354, "fields": {"country": "DO", "code": "DO-03", "name": "Baoruco"}},
  {"model": "locations.province", "pk": 355, "fields": {"country": "DO", "code": "DO-04", "name": "Barahona"}},
  {"model": "locations.province", "pk": 356, "fields": {"country": "DO", "code": "DO-05", "name": "Dajabón"}},
  {"model": "locations.province", "pk": 357, "fields": {"country": "DO", "code": "DO-06", "name": "Duarte"}},
  {"model": "locations.province", "pk": 358, "fields": {"country": "DO", "code": "DO-07", "name": "Elías Piña"}},
  {"model": "locations.province", "pk": 359, "fields": {"country": "DO", "code": "DO-08", "name": "El Seibo"}},
  {"model": "locations.province", "pk": 360, "fields": {"country": "DO", "code": "DO-09", "name": "Espaillat"}},
  {"model": "locations.province", "pk": 361, "fields": {"country": "DO", "code": "DO-10", "name": "Independencia"}},
  {"model": "locations.province", "pk": 362, "fields": {"country": "DO", "code": "DO-11", "name": "La Altagracia"}},
  {"model": "locations.province", "pk": 363, "fields": {"country": "DO", "code": "DO-12", "name": "La Romana"}},
  {"model": "locations.province", "pk": 364, "fields": {"country": "DO", "code": "DO-13", "name": "La Vega"}},
  {"model": "locations.province", "pk": 365, "fields": {"country": "DO", "code": "DO-14", "name": "María Trinidad Sánchez"}},
  {"model": "locations.province", "pk": 366, "fields": {"country": "DO", "code": "DO-15", "name": "Monte Cristi"}},
  {"model": "locations.province", "pk": 367, "fields": {"country": "DO", "code": "DO-16", "name": "Pedernales"}},
  {"model": "locations.province", "pk": 368, "fields": {"country": "DO", "code": "DO-17", "name": "Peravia"}},
  {"model": "locations.province", "pk": 369, "fields": {"country": "DO", "code": "DO-18", "name": "Puerto Plata"}},
  {"model": "locations.province", "pk": 370, "fields": {"country": "DO", "code": "DO-19", "name": "Hermanas Mirabal"}},
  {"model": "locations.province", "pk": 371, "fields": {"country": "DO", "code": "DO-20", "name": "Samaná"}},
  {"model": "locations.province", "pk": 372, "fields": {"country": "DO", "code": "DO-21", "name": "San Cristóbal"}},
  {"model": "locations.province", "pk": 373, "fields": {"country": "DO", "code": "DO-22", "name": "San Juan"}},
  {"model": "locations.province", "pk": 374, "fields": {"country": "DO", "code": "DO-23", "name": "San Pedro de Macorís"}},
  {"model": "locations.province", "pk": 375, "fields": {"country": "DO", "code": "DO-24", "name": "Sánchez Ramírez"}},
  {"model": "locations.province", "pk": 376, "fields": {"country": "DO", "code": "DO-25", "name": "Santiago"}},
  {"model": "locations.province", "pk": 377, "fields": {"country": "DO", "code": "DO-26", "name": "Santiago Rodríguez"}},
  {"model": "locations.province", "pk": 378, "fields": {"country": "DO", "code": "DO-27", "name": "Valverde"}},
  {"model": "locations.province", "pk": 379, "fields": {"country": "DO", "code": "DO-28", "name": "Monseñor Nouel"}},
  {"model": "locations.province", "pk": 380, "fields": {"country": "DO", "code": "DO-29", "name": "Monte Plata"}},
  {"model": "locations.province", "pk": 381, "fields": {"country": "DO", "code": "DO-30", "name": "Hato Mayor"}},
  {"model": "locations.province", "pk": 382, "fields": {"country": "DO", "code": "DO-31", "name": "San José de Ocoa"}},
  {"model": "locations.province", "pk": 383, "fields": {"country": "DO", "code": "DO-32", "name": "Santo Domingo"}},

  {"model": "locations.province", "pk": 384, "fields": {"country": "GT", "code": "GT-01", "name": "Guatemala"}},
  {"model": "locations.province", "pk": 385, "fields": {"country": "GT", "code": "GT-02", "name": "El Progreso"}},
  {"model": "locations.province", "pk": 386, "fields": {"country": "GT", "code": "GT-03", "name": "Sacatepéquez"}},
  {"model": "locations.province", "pk": 387, "fields": {"country": "GT", "code": "GT-04", "name": "Chimaltenango"}},
  {"model": "locations.province", "pk": 388, "fields": {"country": "GT", "code": "GT-05", "name": "Escuintla"}},
  {"model": "locations.province", "pk": 389, "fields": {"country": "GT", "code": "GT-06", "name": "Santa Rosa"}},
  {"model": "locations.province", "pk": 390, "fields": {"country": "GT", "code": "GT-07", "name": "Sololá"}},
  {"model": "locations.province", "pk": 391, "fields": {"country": "GT", "code": "GT-08", "name": "Totonicapán"}},
  {"model": "locations.province", "pk": 392, "fields": {"country": "GT", "code": "GT-09", "name": "Quetzaltenango"}},
  {"model": "locations.province", "pk": 393, "fields": {"country": "GT", "code": "GT-10", "name": "Suchitepéquez"}},
  {"model": "locations.province", "pk": 394, "fields": {"country": "GT", "code": "GT-11", "name": "Retalhuleu"}},
  {"model": "locations.province", "pk": 395, "fields": {"country": "GT", "code": "GT-12", "name": "San Marcos"}},
  {"model": "locations.province", "pk": 396, "fields": {"country": "GT", "code": "GT-13", "name": "Huehuetenango"}},
  {"model": "locations.province", "pk": 397, "fields": {"country": "GT", "code": "GT-14", "name": "Quiché"}},
  {"model": "locations.province", "pk": 398, "fields": {"country": "GT", "code": "GT-15", "name": "Baja Verapaz"}},
  {"model": "locations.province", "pk": 399, "fields": {"country": "GT", "code": "GT-16", "name": "Alta Verapaz"}},
  {"model": "locations.province", "pk": 400, "fields": {"country": "GT", "code": "GT-17", "name": "Petén"}},
  {"model": "locations.province", "pk": 401, "fields": {"country": "GT", "code": "GT-18", "name": "Izabal"}},
  {"model": "locations.province", "pk": 402, "fields": {"country": "GT", "code": "GT-19", "name": "Zacapa"}},
  {"model": "locations.province", "pk": 403, "fields": {"country": "GT", "code": "GT-20", "name": "Chiquimula"}},
  {"model": "locations.province", "pk": 404, "fields": {"country": "GT", "code": "GT-21", "name": "Jalapa"}},
  {"model": "locations.province", "pk": 405, "fields": {"country": "GT", "code": "GT-22", "name": "Jutiapa"}},

  {"model": "locations.province", "pk": 406, "fields": {"country": "HN", "code": "HN-AT", "name": "Atlántida"}},
  {"model": "locations.province", "pk": 407, "fields": {"country": "HN", "code": "HN-CH", "name": "Choluteca"}},
  {"model": "locations.province", "pk": 408, "fields": {"country": "HN", "code": "HN-CL", "name": "Colón"}},
  {"model": "locations.province", "pk": 409, "fields": {"country": "HN", "code": "HN-CM", "name": "Comayagua"}},
  {"model": "locations.province", "pk": 410, "fields": {"country": "HN", "code": "HN-CP", "name": "Copán"}},
  {"model": "locations.province", "pk": 411, "fields": {"country": "HN", "code": "HN-CR", "name": "Cortés"}},
  {"model": "locations.province", "pk": 412, "fields": {"country": "HN", "code": "HN-EP", "name": "El Paraíso"}},
  {"model": "locations.province", "pk": 413, "fields": {"country": "HN", "code": "HN-FM", "name": "Francisco Morazán"}},
  {"model": "locations.province", "pk": 414, "fields": {"country": "HN", "code": "HN-GD", "name": "Gracias a Dios"}},
  {"model": "locations.province", "pk": 415, "fields": {"country": "HN", "code": "HN-IB", "name": "Islas de la Bahía"}},
  {"model": "locations.province", "pk": 416, "fields": {"country": "HN", "code": "HN-IN", "name": "Intibucá"}},
  {"model": "locations.province", "pk": 417, "fields": {"country": "HN", "code": "HN-LE", "name": "Lempira"}},
  {"model": "locations.province", "pk": 418, "fields": {"country": "HN", "code": "HN-LP", "name": "La Paz"}},
  {"model": "locations.province", "pk": 419, "fields": {"country": "HN", "code": "HN-OC", "name": "Ocotepeque"}},
  {"model": "locations.province", "pk": 420, "fields": {"country": "HN", "code": "HN-OL", "name": "Olancho"}},
  {"model": "locations.province", "pk": 421, "fields": {"country": "HN", "code": "HN-SB", "name": "Santa Bárbara"}},
  {"model": "locations.province", "pk": 422, "fields": {"country": "HN", "code": "HN-VA", "name": "Valle"}},
  {"model": "locations.province", "pk": 423, "fields": {"country": "HN", "code": "HN-YO", "name": "Yoro"}},

  {"model": "locations.province", "pk": 424, "fields": {"country": "SV", "code": "SV-AH", "name": "Ahuachapán"}},
  {"model": "locations.province", "pk": 425, "fields": {"country": "SV", "code": "SV-CA", "name": "Cabañas"}},
  {"model": "locations.province", "pk": 426, "fields": {"country": "SV", "code": "SV-CH", "name": "Chalatenango"}},
  {"model": "locations.province", "pk": 427, "fields": {"country": "SV", "code": "SV-CU", "name": "Cuscatlán"}},
  {"model": "locations.province", "pk": 428, "fields": {"country": "SV", "code": "SV-LI", "name": "La Libertad"}},
  {"model": "locations.province", "pk": 429, "fields": {"country": "SV", "code": "SV-MO", "name": "Morazán"}},
  {"model": "locations.province", "pk": 430, "fields": {"country": "SV", "code": "SV-PA", "name": "La Paz"}},
  {"model": "locations.province", "pk": 431, "fields": {"country": "SV", "code": "SV-SA", "name": "Santa Ana"}},
  {"model": "locations.province", "pk": 432, "fields": {"country": "SV", "code": "SV-SM", "name": "San Miguel"}},
  {"model": "locations.province", "pk": 433, "fields": {"country": "SV", "code": "SV-SO", "name": "Sonsonate"}},
  {"model": "locations.province", "pk": 434, "fields": {"country": "SV", "code": "SV-SS", "name": "San Salvador"}},
  {"model": "locations.province", "pk": 435, "fields": {"country": "SV", "code": "SV-SV", "name": "San Vicente"}},
  {"model": "locations.province", "pk": 436, "fields": {"country": "SV", "code": "SV-UN", "name": "La Unión"}},
  {"model": "locations.province", "pk": 437, "fields": {"country": "SV", "code": "SV-US", "name": "Usulután"}},

  {"model": "locations.province", "pk": 438, "fields": {"country": "NI", "code": "NI-AN", "name": "Costa Caribe Norte"}},
  {"model": "locations.province", "pk": 439, "fields": {"country": "NI", "code": "NI-AS", "name": "Costa Caribe Sur"}},
  {"model": "locations.province", "pk": 440, "fields": {"country": "NI", "code": "NI-BO", "name": "Boaco"}},
  {"model": "locations.province", "pk": 441, "fields": {"country": "NI", "code": "NI-CA", "name": "Carazo"}},
  {"model": "locations.province", "pk": 442, "fields": {"country": "NI", "code": "NI-CI", "name": "Chinandega"}},
  {"model": "locations.province", "pk": 443, "fields": {"country": "NI", "code": "NI-CO", "name": "Chontales"}},
  {"model": "locations.province", "pk": 444, "fields": {"country": "NI", "code": "NI-ES", "name": "Estelí"}},
  {"model": "locations.province", "pk": 445, "fields": {"country": "NI", "code": "NI-GR", "name": "Granada"}},
  {"model": "locations.province", "pk": 446, "fields": {"country": "NI", "code": "NI-JI", "name": "Jinotega"}},
  {"model": "locations.province", "pk": 447, "fields": {"country": "NI", "code": "NI-LE", "name": "León"}},
  {"model": "locations.province", "pk": 448, "fields": {"country": "NI", "code": "NI-MD", "name": "Madriz"}},
  {"model": "locations.province", "pk": 449, "fields": {"country": "NI", "code": "NI-MN", "name": "Managua"}},
  {"model": "locations.province", "pk": 450, "fields": {"country": "NI", "code": "NI-MS", "name": "Masaya"}},
  {"model": "locations.province", "pk": 451, "fields": {"country": "NI", "code": "NI-MT", "name": "Matagalpa"}},
  {"model": "locations.province", "pk": 452, "fields": {"country": "NI", "code": "NI-NS", "name": "Nueva Segovia"}},
  {"model": "locations.province", "pk": 453, "fields": {"country": "NI", "code": "NI-RI", "name": "Rivas"}},
  {"model": "locations.province", "pk": 454, "fields": {"country": "NI", "code": "NI-SJ", "name": "Río San Juan"}},

  {"model": "locations.province", "pk": 455, "fields": {"country": "CU", "code": "CU-01", "name": "Pinar del Río"}},
  {"model": "locations.province", "pk": 456, "fields": {"country": "CU", "code": "CU-03", "name": "La Habana"}},
  {"model": "locations.province", "pk": 457, "fields": {"country": "CU", "code": "CU-04", "name": "Matanzas"}},
  {"model": "locations.province", "pk": 458, "fields": {"country": "CU", "code": "CU-05", "name": "Villa Clara"}},
  {"model": "locations.province", "pk": 459, "fields": {"country": "CU", "code": "CU-06", "name": "Cienfuegos"}},
  {"model": "locations.province", "pk": 460, "fields": {"country": "CU", "code": "CU-07", "name": "Sancti Spíritus"}},
  {"model": "locations.province", "pk": 461, "fields": {"country": "CU", "code": "CU-08", "name": "Ciego de Ávila"}},
  {"model": "locations.province", "pk": 462, "fields": {"country": "CU", "code": "CU-09", "name": "Camagüey"}},
  {"model": "locations.province", "pk": 463, "fields": {"country": "CU", "code": "CU-10", "name": "Las Tunas"}},
  {"model": "locations.province", "pk": 464, "fields": {"country": "CU", "code": "CU-11", "name": "Holguín"}},
  {"model": "locations.province", "pk": 465, "fields": {"country": "CU", "code": "CU-12", "name": "Granma"}},
  {"model": "locations.province", "pk": 466, "fields": {"country": "CU", "code": "CU-13", "name": "Santiago de Cuba"}},
  {"model": "locations.province", "pk": 467, "fields": {"country": "CU", "code": "CU-14", "name": "Guantánamo"}},
  {"model": "locations.province", "pk": 468, "fields": {"country": "CU", "code": "CU-15", "name": "Artemisa"}},
  {"model": "locations.province", "pk": 469, "fields": {"country": "CU", "code": "CU-16", "name": "Mayabeque"}},
  {"model": "locations.province", "pk": 470, "fields": {"country": "CU", "code": "CU-99", "name": "Isla de la Juventud"}},

  {"model": "locations.province", "pk": 471, "fields": {"country": "PR", "code": "PR-SJ", "name": "San Juan"}},
  {"model": "locations.province", "pk": 472, "fields": {"country": "PR", "code": "PR-BY", "name": "Bayamón"}},
  {"model": "locations.province", "pk": 473, "fields": {"country": "PR", "code": "PR-CL", "name": "Carolina"}},
  {"model": "locations.province", "pk": 474, "fields": {"country": "PR", "code": "PR-PN", "name": "Ponce"}},
  {"model": "locations.province", "pk": 475, "fields": {"country": "PR", "code": "PR-CG", "name": "Caguas"}},
  {"model": "locations.province", "pk": 476, "fields": {"country": "PR", "code": "PR-GY", "name": "Guaynabo"}},
  {"model": "locations.province", "pk": 477, "fields": {"country": "PR", "code": "PR-AR", "name": "Arecibo"}},
  {"model": "locations.province", "pk": 478, "fields": {"country": "PR", "code": "PR-MY", "name": "Mayagüez"}},

  {"model": "locations.province", "pk": 479, "fields": {"country": "GB", "code": "GB-ENG", "name": "England"}},
  {"model": "locations.province", "pk": 480, "fields": {"country": "GB", "code": "GB-SCT", "name": "Scotland"}},
  {"model": "locations.province", "pk": 481, "fields": {"country": "GB", "code": "GB-WLS", "name": "Wales"}},
  {"model": "locations.province", "pk": 482, "fields": {"country": "GB", "code": "GB-NIR", "name": "Northern Ireland"}},

  {"model": "locations.province", "pk": 483, "fields": {"country": "DE", "code": "DE-BW", "name": "Baden-Württemberg"}},
  {"model": "locations.province", "pk": 484, "fields": {"country": "DE", "code": "DE-BY", "name": "Bavaria"}},
  {"model": "locations.province", "pk": 485, "fields": {"country": "DE", "code": "DE-BE", "name": "Berlin"}},
  {"model": "locations.province", "pk": 486, "fields": {"country": "DE", "code": "DE-BB", "name": "Brandenburg"}},
  {"model": "locations.province", "pk": 487, "fields": {"country": "DE", "code": "DE-HB", "name": "Bremen"}},
  {"model": "locations.province", "pk": 488, "fields": {"country": "DE", "code": "DE-HH", "name": "Hamburg"}},
  {"model": "locations.province", "pk": 489, "fields": {"country": "DE", "code": "DE-HE", "name": "Hesse"}},
  {"model": "locations.province", "pk": 490, "fields": {"country": "DE", "code": "DE-NI", "name": "Lower Saxony"}},
  {"model": "locations.province", "pk": 491, "fields": {"country": "DE", "code": "DE-MV", "name": "Mecklenburg-Vorpommern"}},
  {"model": "locations.province", "pk": 492, "fields": {"country": "DE", "code": "DE-NW", "name": "North Rhine-Westphalia"}},
  {"model": "locations.province", "pk": 493, "fields": {"country": "DE", "code": "DE-RP", "name": "Rhineland-Palatinate"}},
  {"model": "locations.province", "pk": 494, "fields": {"country": "DE", "code": "DE-SL", "name": "Saarland"}},
  {"model": "locations.province", "pk": 495, "fields": {"country": "DE", "code": "DE-SN", "name": "Saxony"}},
  {"model": "locations.province", "pk": 496, "fields": {"country": "DE", "code": "DE-ST", "name": "Saxony-Anhalt"}},
  {"model": "locations.province", "pk": 497, "fields": {"country": "DE", "code": "DE-SH", "name": "Schleswig-Holstein"}},
  {"model": "locations.province", "pk": 498, "fields": {"country": "DE", "code": "DE-TH", "name": "Thuringia"}},

  {"model": "locations.province", "pk": 499, "fields": {"country": "FR", "code": "FR-ARA", "name": "Auvergne-Rhône-Alpes"}},
  {"model": "locations.province", "pk": 500, "fields": {"country": "FR", "code": "FR-BFC", "name": "Bourgogne-Franche-Comté"}},
  {"model": "locations.province", "pk": 501, "fields": {"country": "FR", "code": "FR-BRE", "name": "Brittany"}},
  {"model": "locations.province", "pk": 502, "fields": {"country": "FR", "code": "FR-CVL", "name": "Centre-Val de Loire"}},
  {"model": "locations.province", "pk": 503, "fields": {"country": "FR", "code": "FR-COR", "name": "Corsica"}},
  {"model": "locations.province", "pk": 504, "fields": {"country": "FR", "code": "FR-GES", "name": "Grand Est"}},
  {"model": "locations.province", "pk": 505, "fields": {"country": "FR", "code": "FR-HDF", "name": "Hauts-de-France"}},
  {"model": "locations.province", "pk": 506, "fields": {"country": "FR", "code": "FR-IDF", "name": "Île-de-France"}},
  {"model": "locations.province", "pk": 507, "fields": {"country": "FR", "code": "FR-NOR", "name": "Normandy"}},
  {"model": "locations.province", "pk": 508, "fields": {"country": "FR", "code": "FR-NAQ", "name": "Nouvelle-Aquitaine"}},
  {"model": "locations.province", "pk": 509, "fields": {"country": "FR", "code": "FR-OCC", "name": "Occitanie"}},
  {"model": "locations.province", "pk": 510, "fields": {"country": "FR", "code": "FR-PDL", "name": "Pays de la Loire"}},
  {"model": "locations.province", "pk": 511, "fields": {"country": "FR", "code": "FR-PAC", "name": "Provence-Alpes-Côte d'Azur"}},

  {"model": "locations.province", "pk": 512, "fields": {"country": "IT", "code": "IT-21", "name": "Piemonte"}},
  {"model": "locations.province", "pk": 513, "fields": {"country": "IT", "code": "IT-23", "name": "Valle d'Aosta"}},
  {"model": "locations.province", "pk": 514, "fields": {"country": "IT", "code": "IT-25", "name": "Lombardia"}},
  {"model": "locations.province", "pk": 515, "fields": {"country": "IT", "code": "IT-32", "name": "Trentino-Alto Adige"}},
  {"model": "locations.province", "pk": 516, "fields": {"country": "IT", "code": "IT-34", "name": "Veneto"}},
  {"model": "locations.province", "pk": 517, "fields": {"country": "IT", "code": "IT-36", "name": "Friuli-Venezia Giulia"}},
  {"model": "locations.province", "pk": 518, "fields": {"country": "IT", "code": "IT-42", "name": "Liguria"}},
  {"model": "locations.province", "pk": 519, "fields": {"country": "IT", "code": "IT-45", "name": "Emilia-Romagna"}},
  {"model": "locations.province", "pk": 520, "fields": {"country": "IT", "code": "IT-52", "name": "Toscana"}},
  {"model": "locations.province", "pk": 521, "fields": {"country": "IT", "code": "IT-55", "name": "Umbria"}},
  {"model": "locations.province", "pk": 522, "fields": {"country": "IT", "code": "IT-57", "name": "Marche"}},
  {"model": "locations.province", "pk": 523, "fields": {"country": "IT", "code": "IT-62", "name": "Lazio"}},
  {"model": "locations.province", "pk": 524, "fields": {"country": "IT", "code": "IT-65", "name": "Abruzzo"}},
  {"model": "locations.province", "pk": 525, "fields": {"country": "IT", "code": "IT-67", "name": "Molise"}},
  {"model": "locations.province", "pk": 526, "fields": {"country": "IT", "code": "IT-72", "name": "Campania"}},
  {"model": "locations.province", "pk": 527, "fields": {"country": "IT", "code": "IT-75", "name": "Puglia"}},
  {"model": "locations.province", "pk": 528, "fields": {"country": "IT", "code": "IT-77", "name": "Basilicata"}},
  {"model": "locations.province", "pk": 529, "fields": {"country": "IT", "code": "IT-78", "name": "Calabria"}},
  {"model": "locations.province", "pk": 530, "fields": {"country": "IT", "code": "IT-82", "name": "Sicilia"}},
  {"model": "locations.province", "pk": 531, "fields": {"country": "IT", "code": "IT-88", "name": "Sardegna"}},

  {"model": "locations.province", "pk": 532, "fields": {"country": "PT", "code": "PT-01", "name": "Aveiro"}},
  {"model": "locations.province", "pk": 533, "fields": {"country": "PT", "code": "PT-02", "name": "Beja"}},
  {"model": "locations.province", "pk": 534, "fields": {"country": "PT", "code": "PT-03", "name": "Braga"}},
  {"model": "locations.province", "pk": 535, "fields": {"country": "PT", "code": "PT-04", "name": "Bragança"}},
  {"model": "locations.province", "pk": 536, "fields": {"country": "PT", "code": "PT-05", "name": "Castelo Branco"}},
  {"model": "locations.province", "pk": 537, "fields": {"country": "PT", "code": "PT-06", "name": "Coimbra"}},
  {"model": "locations.province", "pk": 538, "fields": {"country": "PT", "code": "PT-07", "name": "Évora"}},
  {"model": "locations.province", "pk": 539, "fields": {"country": "PT", "code": "PT-08", "name": "Faro"}},
  {"model": "locations.province", "pk": 540, "fields": {"country": "PT", "code": "PT-09", "name": "Guarda"}},
  {"model": "locations.province", "pk": 541, "fields": {"country": "PT", "code": "PT-10", "name": "Leiria"}},
  {"model": "locations.province", "pk": 542, "fields": {"country": "PT", "code": "PT-11", "name": "Lisboa"}},
  {"model": "locations.province", "pk": 543, "fields": {"country": "PT", "code": "PT-12", "name": "Portalegre"}},
  {"model": "locations.province", "pk": 544, "fields": {"country": "PT", "code": "PT-13", "name": "Porto"}},
  {"model": "locations.province", "pk": 545, "fields": {"country": "PT", "code": "PT-14", "name": "Santarém"}},
  {"model": "locations.province", "pk": 546, "fields": {"country": "PT", "code": "PT-15", "name": "Setúbal"}},
  {"model": "locations.province", "pk": 547, "fields": {"country": "PT", "code": "PT-16", "name": "Viana do Castelo"}},
  {"model": "locations.province", "pk": 548, "fields": {"country": "PT", "code": "PT-17", "name": "Vila Real"}},
  {"model": "locations.province", "pk": 549, "fields": {"country": "PT", "code": "PT-18", "name": "Viseu"}},
  {"model": "locations.province", "pk": 550, "fields": {"country": "PT", "code": "PT-20", "name": "Açores"}},
  {"model": "locations.province", "pk": 551, "fields": {"country": "PT", "code": "PT-30", "name": "Madeira"}},

  {"model": "locations.province", "pk": 552, "fields": {"country": "NL", "code": "NL-DR", "name": "Drenthe"}},
  {"model": "locations.province", "pk": 553, "fields": {"country": "NL", "code": "NL-FL", "name": "Flevoland"}},
  {"model": "locations.province", "pk": 554, "fields": {"country": "NL", "code": "NL-FR", "name": "Friesland"}},
  {"model": "locations.province", "pk": 555, "fields": {"country": "NL", "code": "NL-GE", "name": "Gelderland"}},
  {"model": "locations.province", "pk": 556, "fields": {"country": "NL", "code": "NL-GR", "name": "Groningen"}},
  {"model": "locations.province", "pk": 557, "fields": {"country": "NL", "code": "NL-LI", "name": "Limburg"}},
  {"model": "locations.province", "pk": 558, "fields": {"country": "NL", "code": "NL-NB", "name": "North Brabant"}},
  {"model": "locations.province", "pk": 559, "fields": {"country": "NL", "code": "NL-NH", "name": "North Holland"}},
  {"model": "locations.province", "pk": 560, "fields": {"country": "NL", "code": "NL-OV", "name": "Overijssel"}},
  {"model": "locations.province", "pk": 561, "fields": {"country": "NL", "code": "NL-UT", "name": "Utrecht"}},
  {"model": "locations.province", "pk": 562, "fields": {"country": "NL", "code": "NL-ZE", "name": "Zeeland"}},
  {"model": "locations.province", "pk": 563, "fields": {"country": "NL", "code": "NL-ZH", "name": "South Holland"}},

  {"model": "locations.province", "pk": 564, "fields": {"country": "AU", "code": "AU-ACT", "name": "Australian Capital Territory"}},
  {"model": "locations.province", "pk": 565, "fields": {"country": "AU", "code": "AU-NSW", "name": "New South Wales"}},
  {"model": "locations.province", "pk": 566, "fields": {"country": "AU", "code": "AU-NT", "name": "Northern Territory"}},
  {"model": "locations.province", "pk": 567, "fields": {"country": "AU", "code": "AU-QLD", "name": "Queensland"}},
  {"model": "locations.province", "pk": 568, "fields": {"country": "AU", "code": "AU-SA", "name": "South Australia"}},
  {"model": "locations.province", "pk": 569, "fields": {"country": "AU", "code": "AU-TAS", "name": "Tasmania"}},
  {"model": "locations.province", "pk": 570, "fields": {"country": "AU", "code": "AU-VIC", "name": "Victoria"}},
  {"model": "locations.province", "pk": 571, "fields": {"country": "AU", "code": "AU-WA", "name": "Western Australia"}}
]
